Rank,Image,Score,Positive,Negative,Prompt_Variant
1,Untitled (47).png,0.2306745946407318,0.3649272918701172,0.1342526972293853,V12 1.3.6 Pers Long
1,Untitled (47).png,0.2314436137676239,0.3656963109970093,0.1342526972293853,V13 1.3.6.5 Pers Long Focused
